<?xml version="1.0" encoding="UTF-8"?>
<onlinemapsources>

    <onlinemapsource uid="800">
        <name>1899-日治臺灣全圖 (TW)</name>
        <url><![CDATA[https://gis.sinica.edu.tw/tileserver/wmts?SERVICE=WMTS&REQUEST=GetTile&VERSION=1.0.0&LAYER=JM400K_1899&STYLE=_null&TILEMATRIXSET=GoogleMapsCompatible&TILEMATRIX={$z}&TILEROW={$y}&TILECOL={$x}&FORMAT=image/png]]></url>
        <website><![CDATA[<a href="http://gis.sinica.edu.tw/tileserver/">Academia Sinica WMTS</a>]]></website>
        <minzoom>5</minzoom>
        <maxzoom>14</maxzoom>
        <projection>MERCATORESFERICA</projection>
        <servers />
        <httpparam name="" />
        <cacheable>1</cacheable>
        <downloadable>1</downloadable>
        <maxtilesday>0</maxtilesday>
        <maxthreads>0</maxthreads>
        <xop />
        <yop />
        <zop />
        <qop />
        <sop />
    </onlinemapsource>

    <onlinemapsource uid="801">
        <name>1904-日治臺灣堡圖(明治版)-1:20,000 (TW)</name>
        <url><![CDATA[https://gis.sinica.edu.tw/tileserver/file-exists.php?img=JM20K_1904-jpg-{$z}-{$x}-{$y}]]></url>
        <website><![CDATA[<a href="http://gis.sinica.edu.tw/tileserver/">Academia Sinica WMTS</a>]]></website>
        <minzoom>5</minzoom>
        <maxzoom>19</maxzoom>
        <projection>MERCATORESFERICA</projection>
        <servers />
        <httpparam name="" />
        <cacheable>1</cacheable>
        <downloadable>1</downloadable>
        <maxtilesday>0</maxtilesday>
        <maxthreads>0</maxthreads>
        <xop />
        <yop />
        <zop />
        <qop />
        <sop />
    </onlinemapsource>

    <onlinemapsource uid="802">
        <name>1916-日治蕃地地形圖-1:50,000 (TW)</name>
        <url><![CDATA[https://gis.sinica.edu.tw/tileserver/file-exists.php?img=JM50K_1916-jpg-{$z}-{$x}-{$y}]]></url>
        <website><![CDATA[<a href="http://gis.sinica.edu.tw/tileserver/">Academia Sinica WMTS</a>]]></website>
        <minzoom>5</minzoom>
        <maxzoom>16</maxzoom>
        <projection>MERCATORESFERICA</projection>
        <servers />
        <httpparam name="" />
        <cacheable>1</cacheable>
        <downloadable>1</downloadable>
        <maxtilesday>0</maxtilesday>
        <maxthreads>0</maxthreads>
        <xop />
        <yop />
        <zop />
        <qop />
        <sop />
    </onlinemapsource>

    <onlinemapsource uid="803">
        <name>1921-日治臺灣堡圖(大正版)-1:20,000 (TW)</name>
        <url><![CDATA[https://gis.sinica.edu.tw/tileserver/file-exists.php?img=JM20K_1921-jpg-{$z}-{$x}-{$y}]]></url>
        <website><![CDATA[<a href="http://gis.sinica.edu.tw/tileserver/">Academia Sinica WMTS</a>]]></website>
        <minzoom>5</minzoom>
        <maxzoom>19</maxzoom>
        <projection>MERCATORESFERICA</projection>
        <servers />
        <httpparam name="" />
        <cacheable>1</cacheable>
        <downloadable>1</downloadable>
        <maxtilesday>0</maxtilesday>
        <maxthreads>0</maxthreads>
        <xop />
        <yop />
        <zop />
        <qop />
        <sop />
    </onlinemapsource>

    <onlinemapsource uid="804">
        <name>1924-日治地形圖(陸地測量部)-1:50,000 (TW)</name>
        <url><![CDATA[https://gis.sinica.edu.tw/tileserver/file-exists.php?img=JM50K_1924_new-jpg-{$z}-{$x}-{$y}]]></url>
        <website><![CDATA[<a href="http://gis.sinica.edu.tw/tileserver/">Academia Sinica WMTS</a>]]></website>
        <minzoom>5</minzoom>
        <maxzoom>16</maxzoom>
        <projection>MERCATORESFERICA</projection>
        <servers />
        <httpparam name="" />
        <cacheable>1</cacheable>
        <downloadable>1</downloadable>
        <maxtilesday>0</maxtilesday>
        <maxthreads>0</maxthreads>
        <xop />
        <yop />
        <zop />
        <qop />
        <sop />
    </onlinemapsource>

    <onlinemapsource uid="805">
        <name>1936-五十萬分一輿地圖 (TW)</name>
        <url><![CDATA[https://gis.sinica.edu.tw/tileserver/wmts?SERVICE=WMTS&REQUEST=GetTile&VERSION=1.0.0&LAYER=JM500K_1936&STYLE=_null&TILEMATRIXSET=GoogleMapsCompatible&TILEMATRIX={$z}&TILEROW={$y}&TILECOL={$x}&FORMAT=image/png]]></url>
        <website><![CDATA[<a href="http://gis.sinica.edu.tw/tileserver/">Academia Sinica WMTS</a>]]></website>
        <minzoom>5</minzoom>
        <maxzoom>14</maxzoom>
        <projection>MERCATORESFERICA</projection>
        <servers />
        <httpparam name="" />
        <cacheable>1</cacheable>
        <downloadable>1</downloadable>
        <maxtilesday>0</maxtilesday>
        <maxthreads>0</maxthreads>
        <xop />
        <yop />
        <zop />
        <qop />
        <sop />
    </onlinemapsource>

    <onlinemapsource uid="806">
        <name>1944-美軍地形圖-1:50,000 (TW)</name>
        <url><![CDATA[https://gis.sinica.edu.tw/tileserver/wmts?SERVICE=WMTS&REQUEST=GetTile&VERSION=1.0.0&LAYER=AM50K_1944&STYLE=_null&TILEMATRIXSET=GoogleMapsCompatible&TILEMATRIX={$z}&TILEROW={$y}&TILECOL={$x}&FORMAT=image/png]]></url>
        <website><![CDATA[<a href="http://gis.sinica.edu.tw/tileserver/">Academia Sinica WMTS</a>]]></website>
        <minzoom>5</minzoom>
        <maxzoom>16</maxzoom>
        <projection>MERCATORESFERICA</projection>
        <servers />
        <httpparam name="" />
        <cacheable>1</cacheable>
        <downloadable>1</downloadable>
        <maxtilesday>0</maxtilesday>
        <maxthreads>0</maxthreads>
        <xop />
        <yop />
        <zop />
        <qop />
        <sop />
    </onlinemapsource>

    <onlinemapsource uid="807">
        <name>1945-美軍繪製臺灣城市地圖 (TW)</name>
        <url><![CDATA[https://gis.sinica.edu.tw/tileserver/wmts?SERVICE=WMTS&REQUEST=GetTile&VERSION=1.0.0&LAYER=AMCityPlan_1945&STYLE=_null&TILEMATRIXSET=GoogleMapsCompatible&TILEMATRIX={$z}&TILEROW={$y}&TILECOL={$x}&FORMAT=image/png]]></url>
        <website><![CDATA[<a href="http://gis.sinica.edu.tw/tileserver/">Academia Sinica WMTS</a>]]></website>
        <minzoom>5</minzoom>
        <maxzoom>17</maxzoom>
        <projection>MERCATORESFERICA</projection>
        <servers />
        <httpparam name="" />
        <cacheable>1</cacheable>
        <downloadable>1</downloadable>
        <maxtilesday>0</maxtilesday>
        <maxthreads>0</maxthreads>
        <xop />
        <yop />
        <zop />
        <qop />
        <sop />
    </onlinemapsource>

    <onlinemapsource uid="808">
        <name>1945-台北美軍航照影像 (TW)</name>
        <url><![CDATA[https://gis.sinica.edu.tw/tileserver/wmts?SERVICE=WMTS&REQUEST=GetTile&VERSION=1.0.0&LAYER=Taipei_aerialphoto_1945&STYLE=_null&TILEMATRIXSET=GoogleMapsCompatible&TILEMATRIX={$z}&TILEROW={$y}&TILECOL={$x}&FORMAT=image/jpeg]]></url>
        <website><![CDATA[<a href="http://gis.sinica.edu.tw/tileserver/">Academia Sinica WMTS</a>]]></website>
        <minzoom>11</minzoom>
        <maxzoom>19</maxzoom>
        <projection>MERCATORESFERICA</projection>
        <servers />
        <httpparam name="" />
        <cacheable>1</cacheable>
        <downloadable>1</downloadable>
        <maxtilesday>0</maxtilesday>
        <maxthreads>0</maxthreads>
        <xop />
        <yop />
        <zop />
        <qop />
        <sop />
    </onlinemapsource>

    <onlinemapsource uid="809">
        <name>1956-臺灣地形圖-1:50,000 (TW)</name>
        <url><![CDATA[https://gis.sinica.edu.tw/tileserver/file-exists.php?img=TM50K_1956-jpg-{$z}-{$x}-{$y}]]></url>
        <website><![CDATA[<a href="http://gis.sinica.edu.tw/tileserver/">Academia Sinica WMTS</a>]]></website>
        <minzoom>5</minzoom>
        <maxzoom>19</maxzoom>
        <projection>MERCATORESFERICA</projection>
        <servers />
        <httpparam name="" />
        <cacheable>1</cacheable>
        <downloadable>1</downloadable>
        <maxtilesday>0</maxtilesday>
        <maxthreads>0</maxthreads>
        <xop />
        <yop />
        <zop />
        <qop />
        <sop />
    </onlinemapsource>

    <onlinemapsource uid="810">
        <name>1956-臺灣土地利用及林型圖 (TW)</name>
        <url><![CDATA[https://gis.sinica.edu.tw/tileserver/wmts?SERVICE=WMTS&REQUEST=GetTile&VERSION=1.0.0&LAYER=1956_Landuse&STYLE=_null&TILEMATRIXSET=GoogleMapsCompatible&TILEMATRIX={$z}&TILEROW={$y}&TILECOL={$x}&FORMAT=image/png]]></url>
        <website><![CDATA[<a href="http://gis.sinica.edu.tw/tileserver/">Academia Sinica WMTS</a>]]></website>
        <minzoom>5</minzoom>
        <maxzoom>14</maxzoom>
        <projection>MERCATORESFERICA</projection>
        <servers />
        <httpparam name="" />
        <cacheable>1</cacheable>
        <downloadable>1</downloadable>
        <maxtilesday>0</maxtilesday>
        <maxthreads>0</maxthreads>
        <xop />
        <yop />
        <zop />
        <qop />
        <sop />
    </onlinemapsource>

    <onlinemapsource uid="811">
        <name>1966-臺灣省水利工程、水文站及基準點位置圖 (TW)</name>
        <url><![CDATA[https://gis.sinica.edu.tw/tileserver/file-exists.php?img=TM50K_1966-jpg-{$z}-{$x}-{$y}]]></url>
        <website><![CDATA[<a href="http://gis.sinica.edu.tw/tileserver/">Academia Sinica WMTS</a>]]></website>
        <minzoom>5</minzoom>
        <maxzoom>14</maxzoom>
        <projection>MERCATORESFERICA</projection>
        <servers />
        <httpparam name="" />
        <cacheable>1</cacheable>
        <downloadable>1</downloadable>
        <maxtilesday>0</maxtilesday>
        <maxthreads>0</maxthreads>
        <xop />
        <yop />
        <zop />
        <qop />
        <sop />
    </onlinemapsource>

    <onlinemapsource uid="812">
        <name>1989-臺灣經建1版地形圖-1:25,000 (TW)</name>
        <url><![CDATA[https://gis.sinica.edu.tw/tileserver/file-exists.php?img=TM25K_1989-jpg-{$z}-{$x}-{$y}]]></url>
        <website><![CDATA[<a href="http://gis.sinica.edu.tw/tileserver/">Academia Sinica WMTS</a>]]></website>
        <minzoom>7</minzoom>
        <maxzoom>19</maxzoom>
        <projection>MERCATORESFERICA</projection>
        <servers />
        <httpparam name="" />
        <cacheable>1</cacheable>
        <downloadable>1</downloadable>
        <maxtilesday>0</maxtilesday>
        <maxthreads>0</maxthreads>
        <xop />
        <yop />
        <zop />
        <qop />
        <sop />
    </onlinemapsource>

    <onlinemapsource uid="813">
        <name>2001-臺灣經建3版地形圖-1:25,000 (TW)</name>
        <url><![CDATA[https://gis.sinica.edu.tw/tileserver/file-exists.php?img=TM25K_2001-jpg-{$z}-{$x}-{$y}]]></url>
        <website><![CDATA[<a href="http://gis.sinica.edu.tw/tileserver/">Academia Sinica WMTS</a>]]></website>
        <minzoom>7</minzoom>
        <maxzoom>18</maxzoom>
        <projection>MERCATORESFERICA</projection>
        <servers />
        <httpparam name="" />
        <cacheable>1</cacheable>
        <downloadable>1</downloadable>
        <maxtilesday>0</maxtilesday>
        <maxthreads>0</maxthreads>
        <xop />
        <yop />
        <zop />
        <qop />
        <sop />
    </onlinemapsource>

    <onlinemapsource uid="814">
        <name>2013-正射影像圖 (TW)</name>
        <url><![CDATA[https://wmts.nlsc.gov.tw/wmts?SERVICE=WMTS&REQUEST=GetTile&VERSION=1.0.0&FORMAT=image/png&STYLE=_null&LAYER=PHOTO2&TILEMATRIXSET=EPSG:3857&TileMatrix={$z}&TileCol={$x}&TileRow={$y}]]></url>
        <website><![CDATA[<a href="http://gis.sinica.edu.tw/tileserver/">Academia Sinica WMTS</a>]]></website>
        <minzoom>5</minzoom>
        <maxzoom>19</maxzoom>
        <projection>MERCATORESFERICA</projection>
        <servers />
        <httpparam name="" />
        <cacheable>1</cacheable>
        <downloadable>1</downloadable>
        <maxtilesday>0</maxtilesday>
        <maxthreads>0</maxthreads>
        <xop />
        <yop />
        <zop />
        <qop />
        <sop />
    </onlinemapsource>

    <onlinemapsource uid="815">
        <name>通用版電子地圖 (TW)</name>
        <url><![CDATA[https://wmts.nlsc.gov.tw/wmts?SERVICE=WMTS&REQUEST=GetTile&VERSION=1.0.0&FORMAT=image/png&STYLE=_null&LAYER=EMAP5&TILEMATRIXSET=EPSG:3857&TileMatrix={$z}&TileCol={$x}&TileRow={$y}]]></url>
        <website><![CDATA[<a href="http://www.nlsc.gov.tw">NLSC</a>]]></website>
        <minzoom>5</minzoom>
        <maxzoom>19</maxzoom>
        <projection>MERCATORESFERICA</projection>
        <servers />
        <httpparam name="" />
        <cacheable>1</cacheable>
        <downloadable>1</downloadable>
        <maxtilesday>0</maxtilesday>
        <maxthreads>0</maxthreads>
        <xop />
        <yop />
        <zop />
        <qop />
        <sop />
    </onlinemapsource>

    <onlinemapsource uid="816">
        <name>地圖產生器-魯地圖 (TW)</name>
        <url><![CDATA[https://rs.happyman.idv.tw/map/moi_osm_gpx/{$z}/{$x}/{$y}.png]]></url>
        <minzoom>11</minzoom>
        <maxzoom>19</maxzoom>
        <projection>MERCATORESFERICA</projection>
        <httpparam name="" />
        <cacheable>1</cacheable>
        <downloadable>1</downloadable>
        <maxtilesday>0</maxtilesday>
        <maxthreads>0</maxthreads>
        <xop />
        <yop />
        <zop />
        <qop />
        <sop />
    </onlinemapsource>

    <onlinemapsource uid="817">
        <name>地圖產生器-經建三 (TW)</name>
        <url><![CDATA[https://rs.happyman.idv.tw/map/twmap_gpx/{$z}_{$x}_{$y}.png]]></url>
        <minzoom>11</minzoom>
        <maxzoom>17</maxzoom>
        <projection>MERCATORESFERICA</projection>
        <httpparam name="" />
        <cacheable>1</cacheable>
        <downloadable>1</downloadable>
        <maxtilesday>0</maxtilesday>
        <maxthreads>0</maxthreads>
        <xop />
        <yop />
        <zop />
        <qop />
        <sop />
    </onlinemapsource>

    <onlinemapsource uid="818">
        <name>地圖產生器-航跡圖層 (TW)</name>
        <url><![CDATA[https://rs.happyman.idv.tw/map/gpxtrack/{$z}/{$x}/{$y}.png]]></url>
        <minzoom>11</minzoom>
        <maxzoom>17</maxzoom>
        <projection>MERCATORESFERICA</projection>
        <httpparam name="" />
        <cacheable>1</cacheable>
        <downloadable>1</downloadable>
        <maxtilesday>0</maxtilesday>
        <maxthreads>0</maxthreads>
        <xop />
        <yop />
        <zop />
        <qop />
        <sop />
    </onlinemapsource>


</onlinemapsources>

